operation,startUtcTicks,endUtcTicks,elapsedMs,success
scopeRead,639265752204581165,639265752204661163,7.0689,True
outsideCreateReadDelete,639265752204701164,639265752204781168,7.3361,True
scopeRead,639265752205001215,639265752205001215,0.1433,True
outsideCreateReadDelete,639265752205001215,639265752205001215,0.6658,True
scopeRead,639265752205101216,639265752205101216,0.0831,True
outsideCreateReadDelete,639265752205101216,639265752205101216,0.4917,True
scopeRead,639265752205221230,639265752205221230,0.1047,True
outsideCreateReadDelete,639265752205221230,639265752205221230,0.6759,True
scopeRead,639265752205441219,639265752205441219,0.1341,True
outsideCreateReadDelete,639265752205441219,639265752205441219,0.6594,True
scopeRead,639265752205541240,639265752205541240,0.0849,True
outsideCreateReadDelete,639265752205541240,639265752205541240,0.4946,True
scopeRead,639265752205781157,639265752205781157,0.1447,True
outsideCreateReadDelete,639265752205781157,639265752205781157,0.6604,True
scopeRead,639265752205881257,639265752205881257,0.1217,True
outsideCreateReadDelete,639265752205881257,639265752205881257,0.6255,True
scopeRead,639265752206001219,639265752206001219,0.0866,True
outsideCreateReadDelete,639265752206001219,639265752206001219,0.5264,True
scopeRead,639265752206241212,639265752206241212,0.0919,True
outsideCreateReadDelete,639265752206241212,639265752206241212,0.5178,True
scopeRead,639265752206341213,639265752206341213,0.1187,True
outsideCreateReadDelete,639265752206341213,639265752206341213,0.5967,True
scopeRead,639265752206561226,639265752206561226,0.0953,True
outsideCreateReadDelete,639265752206561226,639265752206561226,0.5579,True
scopeRead,639265752206681199,639265752206681199,0.1128,True
outsideCreateReadDelete,639265752206681199,639265752206681199,0.6296,True
scopeRead,639265752206781212,639265752206781212,0.0801,True
outsideCreateReadDelete,639265752206781212,639265752206781212,0.5961,True
scopeRead,639265752207001214,639265752207001214,0.1112,True
outsideCreateReadDelete,639265752207001214,639265752207001214,0.6808,True
scopeRead,639265752207121215,639265752207121215,0.0745,True
outsideCreateReadDelete,639265752207121215,639265752207121215,0.5587,True
scopeRead,639265752207341215,639265752207341215,0.0779,True
outsideCreateReadDelete,639265752207341215,639265752207341215,0.5243,True
scopeRead,639265752207461206,639265752207461206,0.0949,True
outsideCreateReadDelete,639265752207461206,639265752207461206,0.5021,True
scopeRead,639265752207561219,639265752207561219,0.0937,True
outsideCreateReadDelete,639265752207561219,639265752207561219,0.5090,True
scopeRead,639265752207781219,639265752207781219,0.1293,True
outsideCreateReadDelete,639265752207781219,639265752207781219,0.6441,True
scopeRead,639265752207901216,639265752207901216,0.0938,True
outsideCreateReadDelete,639265752207901216,639265752207901216,0.5122,True
scopeRead,639265752208121214,639265752208121214,0.0755,True
outsideCreateReadDelete,639265752208121214,639265752208121214,0.5613,True
scopeRead,639265752208241200,639265752208241200,0.0731,True
outsideCreateReadDelete,639265752208241200,639265752208241200,0.4824,True
scopeRead,639265752208341214,639265752208341214,0.0714,True
outsideCreateReadDelete,639265752208341214,639265752208341214,0.4487,True
scopeRead,639265752208581226,639265752208581226,0.1124,True
outsideCreateReadDelete,639265752208581226,639265752208581226,0.6076,True
scopeRead,639265752208701216,639265752208701216,0.1100,True
outsideCreateReadDelete,639265752208701216,639265752208701216,0.6505,True
scopeRead,639265752208821199,639265752208821199,0.0790,True
outsideCreateReadDelete,639265752208821199,639265752208821199,0.5614,True
scopeRead,639265752209021211,639265752209021211,0.0844,True
outsideCreateReadDelete,639265752209021211,639265752209021211,0.5926,True
scopeRead,639265752209121218,639265752209121218,0.0820,True
outsideCreateReadDelete,639265752209121218,639265752209121218,0.4702,True
scopeRead,639265752209341169,639265752209341169,0.0999,True
outsideCreateReadDelete,639265752209341169,639265752209341169,0.5358,True
scopeRead,639265752209461160,639265752209461160,0.0726,True
outsideCreateReadDelete,639265752209461160,639265752209461160,0.4398,True
scopeRead,639265752209681163,639265752209681163,0.1128,True
outsideCreateReadDelete,639265752209681163,639265752209681163,0.5860,True
scopeRead,639265752209801164,639265752209801164,0.1308,True
outsideCreateReadDelete,639265752209801164,639265752209801164,0.6476,True
scopeRead,639265752210021161,639265752210021161,0.1005,True
outsideCreateReadDelete,639265752210021161,639265752210021161,0.5787,True
scopeRead,639265752210121162,639265752210121162,0.0763,True
outsideCreateReadDelete,639265752210121162,639265752210121162,0.4461,True
scopeRead,639265752210241163,639265752210241163,0.0921,True
outsideCreateReadDelete,639265752210241163,639265752210241163,0.4433,True
scopeRead,639265752210441182,639265752210441182,0.1084,True
outsideCreateReadDelete,639265752210441182,639265752210441182,0.6255,True
scopeRead,639265752210561176,639265752210561176,0.0942,True
outsideCreateReadDelete,639265752210561176,639265752210561176,0.9310,True
scopeRead,639265752210801160,639265752210801160,0.1096,True
outsideCreateReadDelete,639265752210801160,639265752210801160,0.5534,True
scopeRead,639265752210901162,639265752210901162,0.1175,True
outsideCreateReadDelete,639265752210901162,639265752210901162,0.5861,True
scopeRead,639265752211001199,639265752211001199,0.1003,True
outsideCreateReadDelete,639265752211001199,639265752211001199,0.5223,True
scopeRead,639265752211221221,639265752211221221,0.1077,True
outsideCreateReadDelete,639265752211221221,639265752211221221,0.6231,True
scopeRead,639265752211341200,639265752211341200,0.1022,True
outsideCreateReadDelete,639265752211341200,639265752211341200,0.5742,True
scopeRead,639265752211561206,639265752211561206,0.0917,True
outsideCreateReadDelete,639265752211561206,639265752211561206,0.6480,True
scopeRead,639265752211681202,639265752211681202,0.1114,True
outsideCreateReadDelete,639265752211681202,639265752211681202,0.7022,True
scopeRead,639265752211781219,639265752211781219,0.0840,True
outsideCreateReadDelete,639265752211781219,639265752211781219,0.5821,True
scopeRead,639265752212021168,639265752212021168,0.2387,True
outsideCreateReadDelete,639265752212021168,639265752212041166,1.1244,True
scopeRead,639265752212201164,639265752212201164,0.2954,True
outsideCreateReadDelete,639265752212201164,639265752212281166,7.0341,True
scopeRead,639265752212521163,639265752212561173,4.9403,True
outsideCreateReadDelete,639265752212561173,639265752212581161,1.3452,True
scopeRead,639265752212901162,639265752212901162,0.3107,True
outsideCreateReadDelete,639265752212901162,639265752212921188,1.4742,True
scopeRead,639265752213041161,639265752213121157,8.9300,True
outsideCreateReadDelete,639265752213161162,639265752213201162,3.7233,True
scopeRead,639265752213441155,639265752213441155,0.2472,True
outsideCreateReadDelete,639265752213441155,639265752213461172,1.1067,True
scopeRead,639265752213581157,639265752213581157,0.2333,True
outsideCreateReadDelete,639265752213581157,639265752213601176,1.2263,True
scopeRead,639265752213721156,639265752213801156,7.5186,True
outsideCreateReadDelete,639265752213821155,639265752213841170,1.3201,True
scopeRead,639265752214061156,639265752214061156,0.2572,True
outsideCreateReadDelete,639265752214061156,639265752214081166,1.1545,True
scopeRead,639265752214201153,639265752214201153,0.2942,True
outsideCreateReadDelete,639265752214201153,639265752214221165,1.0753,True
scopeRead,639265752214341155,639265752214341155,0.3410,True
outsideCreateReadDelete,639265752214341155,639265752214361165,1.1428,True
scopeRead,639265752214481158,639265752214481158,0.2389,True
outsideCreateReadDelete,639265752214481158,639265752214481158,1.0198,True
scopeRead,639265752214601224,639265752214701154,10.2319,True
outsideCreateReadDelete,639265752214741154,639265752214761170,1.3309,True
scopeRead,639265752214981186,639265752214981186,0.3046,True
outsideCreateReadDelete,639265752214981186,639265752215061162,7.6685,True
scopeRead,639265752215281165,639265752215281165,0.2517,True
outsideCreateReadDelete,639265752215281165,639265752215301179,1.2280,True
scopeRead,639265752215421170,639265752215421170,0.2414,True
outsideCreateReadDelete,639265752215421170,639265752215421170,1.0328,True
scopeRead,639265752215561164,639265752215661168,9.9196,True
outsideCreateReadDelete,639265752215701347,639265752215721166,1.8047,True
scopeRead,639265752215901179,639265752216001159,10.0541,True
outsideCreateReadDelete,639265752216001159,639265752216021159,1.3381,True
scopeRead,639265752216221168,639265752216221168,0.3325,True
outsideCreateReadDelete,639265752216221168,639265752216241179,1.4365,True
scopeRead,639265752216361163,639265752216361163,0.2487,True
outsideCreateReadDelete,639265752216361163,639265752216381165,1.1112,True
scopeRead,639265752216501161,639265752216501161,0.2180,True
outsideCreateReadDelete,639265752216501161,639265752216501161,1.0022,True
scopeRead,639265752216621177,639265752216621177,0.2536,True
outsideCreateReadDelete,639265752216621177,639265752216641180,1.1436,True
scopeRead,639265752216881161,639265752216881161,0.2469,True
outsideCreateReadDelete,639265752216881161,639265752216901163,1.0733,True
scopeRead,639265752217001163,639265752217001163,0.2657,True
outsideCreateReadDelete,639265752217001163,639265752217021161,1.0657,True
scopeRead,639265752217161161,639265752217161161,0.3696,True
outsideCreateReadDelete,639265752217161161,639265752217181162,1.0688,True
scopeRead,639265752217281162,639265752217281162,0.2319,True
outsideCreateReadDelete,639265752217281162,639265752217281162,1.0771,True
scopeRead,639265752217421154,639265752217501155,9.0545,True
outsideCreateReadDelete,639265752217541155,639265752217561164,1.2220,True
scopeRead,639265752217881165,639265752217881165,0.2638,True
outsideCreateReadDelete,639265752217901164,639265752217901164,1.2963,True
scopeRead,639265752218121164,639265752218121164,0.0948,True
outsideCreateReadDelete,639265752218121164,639265752218121164,0.5333,True
scopeRead,639265752218241174,639265752218241174,0.0779,True
outsideCreateReadDelete,639265752218241174,639265752218241174,0.4499,True
scopeRead,639265752218361156,639265752218361156,0.1012,True
outsideCreateReadDelete,639265752218361156,639265752218361156,0.5214,True
scopeRead,639265752218601153,639265752218601153,0.0857,True
outsideCreateReadDelete,639265752218601153,639265752218601153,0.5567,True
scopeRead,639265752218701163,639265752218701163,0.1008,True
outsideCreateReadDelete,639265752218701163,639265752218701163,0.5494,True
scopeRead,639265752218901397,639265752218901397,0.1420,True
outsideCreateReadDelete,639265752218901397,639265752218921177,0.9518,True
scopeRead,639265752219021273,639265752219021273,0.2198,True
outsideCreateReadDelete,639265752219021273,639265752219041958,1.1650,True
scopeRead,639265752219161166,639265752219161166,0.1303,True
outsideCreateReadDelete,639265752219161166,639265752219161166,0.6579,True
scopeRead,639265752219381177,639265752219381177,0.1407,True
outsideCreateReadDelete,639265752219381177,639265752219381177,0.7514,True
scopeRead,639265752219481221,639265752219481221,0.1863,True
outsideCreateReadDelete,639265752219481221,639265752219481221,0.9354,True
scopeRead,639265752219621185,639265752219621185,0.2861,True
outsideCreateReadDelete,639265752219621185,639265752219621185,0.6834,True
scopeRead,639265752219841164,639265752219841164,0.1177,True
outsideCreateReadDelete,639265752219841164,639265752219841164,0.6987,True
scopeRead,639265752219941177,639265752219941177,0.1266,True
outsideCreateReadDelete,639265752219941177,639265752219941177,0.9801,True
scopeRead,639265752220161179,639265752220161179,0.1270,True
outsideCreateReadDelete,639265752220161179,639265752220161179,0.7613,True
scopeRead,639265752220261185,639265752220261185,0.0946,True
outsideCreateReadDelete,639265752220261185,639265752220261185,0.5500,True
scopeRead,639265752220381164,639265752220381164,0.0789,True
outsideCreateReadDelete,639265752220381164,639265752220381164,0.4407,True
scopeRead,639265752220581164,639265752220581164,0.0825,True
outsideCreateReadDelete,639265752220581164,639265752220721175,13.9120,True
scopeRead,639265752220841164,639265752220841164,0.0816,True
outsideCreateReadDelete,639265752220841164,639265752220841164,0.4478,True
scopeRead,639265752221081163,639265752221081163,0.2878,True
outsideCreateReadDelete,639265752221081163,639265752221101163,1.0992,True
scopeRead,639265752221201163,639265752221281176,9.1001,True
outsideCreateReadDelete,639265752221341166,639265752221341166,1.3364,True
scopeRead,639265752221561159,639265752221621157,7.3452,True
outsideCreateReadDelete,639265752221641158,639265752221641158,1.1681,True
scopeRead,639265752221861161,639265752221941160,8.1442,True
outsideCreateReadDelete,639265752221941160,639265752221961174,1.2341,True
scopeRead,639265752222181162,639265752222241161,6.9399,True
outsideCreateReadDelete,639265752222261158,639265752222281161,1.1602,True
scopeRead,639265752222501210,639265752222561154,6.5536,True
outsideCreateReadDelete,639265752222561154,639265752222581165,1.1986,True
scopeRead,639265752222821174,639265752222881154,5.6739,True
outsideCreateReadDelete,639265752222881154,639265752222901164,1.1978,True
scopeRead,639265752223161156,639265752223221151,5.3070,True
outsideCreateReadDelete,639265752223221151,639265752223221151,1.1196,True
scopeRead,639265752223481156,639265752223521159,3.6426,True
outsideCreateReadDelete,639265752223521159,639265752223541170,1.1841,True
scopeRead,639265752223661161,639265752223741180,8.9541,True
outsideCreateReadDelete,639265752223801161,639265752223821162,1.5344,True
scopeRead,639265752224041156,639265752224121163,8.4029,True
outsideCreateReadDelete,639265752224121163,639265752224141159,1.3594,True
scopeRead,639265752224381162,639265752224441159,5.0474,True
outsideCreateReadDelete,639265752224441159,639265752224441159,1.1403,True
scopeRead,639265752224681158,639265752224741158,7.0163,True
outsideCreateReadDelete,639265752224761165,639265752224781159,1.1800,True
scopeRead,639265752225001161,639265752225061161,6.5008,True
outsideCreateReadDelete,639265752225061161,639265752225081164,1.1431,True
scopeRead,639265752225321162,639265752225381162,7.0300,True
outsideCreateReadDelete,639265752225381162,639265752225401163,1.1668,True
scopeRead,639265752225621163,639265752225701163,8.3332,True
outsideCreateReadDelete,639265752225701163,639265752225721163,1.2648,True
scopeRead,639265752225921163,639265752226001154,7.5124,True
outsideCreateReadDelete,639265752226001154,639265752226001154,1.1307,True
scopeRead,639265752226341160,639265752226341160,0.2474,True
outsideCreateReadDelete,639265752226341160,639265752226361159,1.0345,True
scopeRead,639265752226561166,639265752226561166,0.0879,True
outsideCreateReadDelete,639265752226561166,639265752226561166,0.5159,True
scopeRead,639265752226681165,639265752226681165,0.0920,True
outsideCreateReadDelete,639265752226681165,639265752226681165,0.4903,True
scopeRead,639265752226781181,639265752226781181,0.0892,True
outsideCreateReadDelete,639265752226781181,639265752226781181,0.5061,True
scopeRead,639265752227021156,639265752227021156,0.0863,True
outsideCreateReadDelete,639265752227021156,639265752227021156,0.4970,True
scopeRead,639265752227141161,639265752227141161,0.0859,True
outsideCreateReadDelete,639265752227141161,639265752227141161,0.4583,True
scopeRead,639265752227361248,639265752227361248,0.1136,True
outsideCreateReadDelete,639265752227361248,639265752227361248,0.6804,True
scopeRead,639265752227481157,639265752227481157,0.1031,True
outsideCreateReadDelete,639265752227481157,639265752227481157,0.5457,True
scopeRead,639265752227601155,639265752227601155,0.0903,True
outsideCreateReadDelete,639265752227601155,639265752227601155,0.4812,True
scopeRead,639265752227721163,639265752227721163,0.0792,True
outsideCreateReadDelete,639265752227721163,639265752227721163,0.4817,True
scopeRead,639265752227941162,639265752227941162,0.1255,True
outsideCreateReadDelete,639265752227941162,639265752227941162,0.6895,True
scopeRead,639265752228061157,639265752228061157,0.0730,True
outsideCreateReadDelete,639265752228061157,639265752228061157,0.4164,True
scopeRead,639265752228261167,639265752228261167,0.0976,True
outsideCreateReadDelete,639265752228261167,639265752228261167,0.5227,True
scopeRead,639265752228381162,639265752228381162,0.0791,True
outsideCreateReadDelete,639265752228381162,639265752228381162,0.4625,True
scopeRead,639265752228601239,639265752228601239,0.1248,True
outsideCreateReadDelete,639265752228601239,639265752228601239,0.7081,True
scopeRead,639265752228721238,639265752228721238,0.1043,True
outsideCreateReadDelete,639265752228721238,639265752228721238,0.6237,True
scopeRead,639265752228821242,639265752228821242,0.1093,True
outsideCreateReadDelete,639265752228821242,639265752228821242,0.5792,True
scopeRead,639265752229061237,639265752229061237,0.1205,True
outsideCreateReadDelete,639265752229061237,639265752229061237,0.6766,True
scopeRead,639265752229181167,639265752229181167,0.1349,True
outsideCreateReadDelete,639265752229181167,639265752229181167,0.7657,True
scopeRead,639265752229301150,639265752229301150,0.1674,True
outsideCreateReadDelete,639265752229301150,639265752229301150,0.8853,True
scopeRead,639265752229521163,639265752229521163,0.2394,True
outsideCreateReadDelete,639265752229521163,639265752229541163,1.1565,True
scopeRead,639265752229641215,639265752229721155,8.9480,True
outsideCreateReadDelete,639265752229781168,639265752229781168,1.3632,True
scopeRead,639265752229981212,639265752230061155,9.2022,True
outsideCreateReadDelete,639265752230061155,639265752230081161,1.2686,True
scopeRead,639265752230321152,639265752230381155,7.1253,True
outsideCreateReadDelete,639265752230381155,639265752230401162,1.2421,True
scopeRead,639265752230621166,639265752230681156,7.0325,True
outsideCreateReadDelete,639265752230721155,639265752230721155,1.1463,True
scopeRead,639265752230941184,639265752231021155,7.9930,True
outsideCreateReadDelete,639265752231021155,639265752231021155,1.1885,True
scopeRead,639265752231241164,639265752231341178,9.3430,True
outsideCreateReadDelete,639265752231341178,639265752231341178,1.4652,True
scopeRead,639265752231601160,639265752231621161,2.9056,True
outsideCreateReadDelete,639265752231641163,639265752231641163,1.2962,True
scopeRead,639265752231901167,639265752231941176,4.1547,True
outsideCreateReadDelete,639265752231941176,639265752231941176,1.3820,True
scopeRead,639265752232181167,639265752232261222,7.8531,True
outsideCreateReadDelete,639265752232261222,639265752232281167,1.4351,True
scopeRead,639265752232521163,639265752232581155,5.5677,True
outsideCreateReadDelete,639265752232581155,639265752232581155,1.1051,True
scopeRead,639265752232801204,639265752232901167,9.7831,True
outsideCreateReadDelete,639265752232901167,639265752232921168,1.5646,True
scopeRead,639265752233121212,639265752233201154,8.9110,True
outsideCreateReadDelete,639265752233201154,639265752233221167,1.2753,True
scopeRead,639265752233441153,639265752233521157,7.3278,True
outsideCreateReadDelete,639265752233521157,639265752233521157,1.1546,True
scopeRead,639265752233741176,639265752233821157,8.7183,True
outsideCreateReadDelete,639265752233821157,639265752233841168,1.3182,True
scopeRead,639265752234061166,639265752234141153,7.5544,True
outsideCreateReadDelete,639265752234141153,639265752234141153,1.1660,True
scopeRead,639265752234361161,639265752234421155,7.3427,True
outsideCreateReadDelete,639265752234461154,639265752234461154,1.1266,True
scopeRead,639265752234781185,639265752234781185,0.2313,True
outsideCreateReadDelete,639265752234781185,639265752234801185,1.1508,True
scopeRead,639265752234921158,639265752234921158,0.0985,True
outsideCreateReadDelete,639265752234921158,639265752234921158,0.4964,True
scopeRead,639265752235121206,639265752235121206,0.1081,True
outsideCreateReadDelete,639265752235121206,639265752235121206,0.5985,True
scopeRead,639265752235221213,639265752235221213,0.0734,True
outsideCreateReadDelete,639265752235221213,639265752235221213,0.4884,True
scopeRead,639265752235421213,639265752235421213,0.0755,True
outsideCreateReadDelete,639265752235421213,639265752235421213,0.4990,True
scopeRead,639265752235541209,639265752235541209,0.0731,True
outsideCreateReadDelete,639265752235541209,639265752235541209,0.4208,True
scopeRead,639265752235761210,639265752235761210,0.0768,True
outsideCreateReadDelete,639265752235761210,639265752235761210,0.5592,True
scopeRead,639265752235881211,639265752235881211,0.0748,True
outsideCreateReadDelete,639265752235881211,639265752235881211,0.4902,True
scopeRead,639265752236101212,639265752236101212,0.0728,True
outsideCreateReadDelete,639265752236101212,639265752236101212,0.4972,True
scopeRead,639265752236201212,639265752236201212,0.0706,True
outsideCreateReadDelete,639265752236201212,639265752236201212,0.5271,True
scopeRead,639265752236421212,639265752236421212,0.0752,True
outsideCreateReadDelete,639265752236421212,639265752236421212,0.5157,True
scopeRead,639265752236541213,639265752236541213,0.0717,True
outsideCreateReadDelete,639265752236541213,639265752236541213,0.5038,True
scopeRead,639265752236641215,639265752236641215,0.0730,True
outsideCreateReadDelete,639265752236641215,639265752236641215,0.4955,True
scopeRead,639265752236861216,639265752236861216,0.0742,True
outsideCreateReadDelete,639265752236861216,639265752236861216,0.4915,True
scopeRead,639265752236981215,639265752236981215,0.0733,True
outsideCreateReadDelete,639265752236981215,639265752236981215,0.5035,True
scopeRead,639265752237101213,639265752237101213,0.0713,True
outsideCreateReadDelete,639265752237101213,639265752237101213,0.4111,True
scopeRead,639265752237341213,639265752237341213,0.0947,True
outsideCreateReadDelete,639265752237341213,639265752237341213,0.5014,True
scopeRead,639265752237441217,639265752237441217,0.1248,True
outsideCreateReadDelete,639265752237441217,639265752237441217,0.6548,True
scopeRead,639265752237561163,639265752237561163,0.2704,True
outsideCreateReadDelete,639265752237561163,639265752237581154,1.1130,True
scopeRead,639265752237901166,639265752237921163,1.2180,True
outsideCreateReadDelete,639265752237921163,639265752237921163,1.0438,True
scopeRead,639265752238041161,639265752238121159,8.4769,True
outsideCreateReadDelete,639265752238161158,639265752238221177,6.3758,True
scopeRead,639265752238341160,639265752238421159,8.6323,True
outsideCreateReadDelete,639265752238461157,639265752238501160,3.6108,True
scopeRead,639265752238701173,639265752238781159,8.7226,True
outsideCreateReadDelete,639265752238821159,639265752238841168,1.5025,True
scopeRead,639265752239061159,639265752239141167,7.4541,True
outsideCreateReadDelete,639265752239141167,639265752239141167,1.1351,True
scopeRead,639265752239381159,639265752239441157,7.2845,True
outsideCreateReadDelete,639265752239441157,639265752239461163,1.2227,True
scopeRead,639265752239681162,639265752239761161,8.4840,True
outsideCreateReadDelete,639265752239761161,639265752239781158,1.2108,True
scopeRead,639265752240081159,639265752240081159,0.2349,True
outsideCreateReadDelete,639265752240081159,639265752240081159,1.0193,True
scopeRead,639265752240321155,639265752240321155,0.2390,True
outsideCreateReadDelete,639265752240321155,639265752240341169,1.1254,True
scopeRead,639265752240461156,639265752240461156,0.2278,True
outsideCreateReadDelete,639265752240461156,639265752240461156,1.0076,True
scopeRead,639265752240561174,639265752240561174,0.2127,True
outsideCreateReadDelete,639265752240561174,639265752240561174,1.0193,True
scopeRead,639265752240781153,639265752240781153,0.2327,True
outsideCreateReadDelete,639265752240781153,639265752240781153,1.0077,True
scopeRead,639265752240881161,639265752240881161,0.2977,True
outsideCreateReadDelete,639265752240881161,639265752240901169,1.3738,True
scopeRead,639265752241021159,639265752241021159,0.2693,True
outsideCreateReadDelete,639265752241021159,639265752241041162,1.2441,True
scopeRead,639265752241241188,639265752241241188,0.3877,True
outsideCreateReadDelete,639265752241241188,639265752241261163,1.2274,True
scopeRead,639265752241381161,639265752241381161,0.2812,True
outsideCreateReadDelete,639265752241381161,639265752241401162,1.1971,True
scopeRead,639265752241541163,639265752241621159,7.1884,True
outsideCreateReadDelete,639265752241621159,639265752241621159,1.1124,True
scopeRead,639265752241841161,639265752241901161,7.2975,True
outsideCreateReadDelete,639265752241941160,639265752241941160,1.1965,True
scopeRead,639265752242161156,639265752242161156,0.2385,True
outsideCreateReadDelete,639265752242161156,639265752242161156,1.0529,True
scopeRead,639265752242281162,639265752242281162,0.2340,True
outsideCreateReadDelete,639265752242281162,639265752242281162,1.0197,True
scopeRead,639265752242521162,639265752242521162,0.2360,True
outsideCreateReadDelete,639265752242521162,639265752242521162,1.1032,True
scopeRead,639265752242641258,639265752242641258,0.2942,True
outsideCreateReadDelete,639265752242641258,639265752242661179,1.1449,True
scopeRead,639265752242781188,639265752242781188,0.2262,True
outsideCreateReadDelete,639265752242781188,639265752242781188,1.0475,True
scopeRead,639265752242921157,639265752242921157,0.2185,True
outsideCreateReadDelete,639265752242921157,639265752242941160,0.9962,True
scopeRead,639265752243041161,639265752243041161,0.1781,True
outsideCreateReadDelete,639265752243041161,639265752243041161,0.7616,True
scopeRead,639265752243281158,639265752243281158,0.0984,True
outsideCreateReadDelete,639265752243281158,639265752243281158,0.5714,True
scopeRead,639265752243401156,639265752243401156,0.0899,True
outsideCreateReadDelete,639265752243401156,639265752243401156,0.4734,True
scopeRead,639265752243501161,639265752243501161,0.0917,True
outsideCreateReadDelete,639265752243501161,639265752243501161,0.4704,True
scopeRead,639265752243701212,639265752243701212,0.0816,True
outsideCreateReadDelete,639265752243701212,639265752243701212,0.5587,True
scopeRead,639265752243921219,639265752243921219,0.0835,True
outsideCreateReadDelete,639265752243921219,639265752243921219,0.5754,True
scopeRead,639265752244041206,639265752244041206,0.0722,True
outsideCreateReadDelete,639265752244041206,639265752244041206,0.4281,True
scopeRead,639265752244161214,639265752244161214,0.0725,True
outsideCreateReadDelete,639265752244161214,639265752244161214,0.4726,True
scopeRead,639265752244281210,639265752244281210,0.0775,True
outsideCreateReadDelete,639265752244281210,639265752244281210,0.4979,True
scopeRead,639265752244481216,639265752244481216,0.0714,True
outsideCreateReadDelete,639265752244481216,639265752244481216,0.5206,True
scopeRead,639265752244601236,639265752244601236,0.0736,True
outsideCreateReadDelete,639265752244601236,639265752244601236,0.4264,True
scopeRead,639265752244841212,639265752244841212,0.0731,True
outsideCreateReadDelete,639265752244841212,639265752244841212,0.4953,True
scopeRead,639265752244961220,639265752244961220,0.0770,True
outsideCreateReadDelete,639265752244961220,639265752244961220,0.5168,True
scopeRead,639265752245061234,639265752245061234,0.0733,True
outsideCreateReadDelete,639265752245061234,639265752245061234,0.4214,True
scopeRead,639265752245281162,639265752245281162,0.0782,True
outsideCreateReadDelete,639265752245281162,639265752245281162,0.4592,True
scopeRead,639265752245401161,639265752245401161,0.0700,True
outsideCreateReadDelete,639265752245401161,639265752245401161,0.5031,True
scopeRead,639265752245601164,639265752245601164,0.1310,True
outsideCreateReadDelete,639265752245601164,639265752245601164,0.7625,True
scopeRead,639265752245701164,639265752245701164,0.1104,True
outsideCreateReadDelete,639265752245701164,639265752245701164,0.6670,True
scopeRead,639265752245901309,639265752246021145,12.0160,True
outsideCreateReadDelete,639265752246021145,639265752246041184,1.4195,True
scopeRead,639265752246261207,639265752246321172,7.3226,True
outsideCreateReadDelete,639265752246341160,639265752246341160,1.2451,True
scopeRead,639265752246541216,639265752246641160,10.8304,True
outsideCreateReadDelete,639265752246641160,639265752246661165,1.3395,True
scopeRead,639265752246881154,639265752246961170,7.6111,True
outsideCreateReadDelete,639265752246961170,639265752246961170,1.3003,True
scopeRead,639265752247101200,639265752247181154,8.7872,True
outsideCreateReadDelete,639265752247221157,639265752247261156,3.6741,True
scopeRead,639265752247461212,639265752247541154,8.8803,True
outsideCreateReadDelete,639265752247561154,639265752247581164,1.4022,True
scopeRead,639265752247801155,639265752247881153,6.9953,True
outsideCreateReadDelete,639265752247881153,639265752247881153,1.1060,True
scopeRead,639265752248101155,639265752248181155,6.9938,True
outsideCreateReadDelete,639265752248201155,639265752248201155,1.1089,True
scopeRead,639265752248421162,639265752248481161,7.2699,True
outsideCreateReadDelete,639265752248521155,639265752248521155,1.1388,True
scopeRead,639265752248741160,639265752248821160,8.9769,True
outsideCreateReadDelete,639265752248821160,639265752248841159,1.1481,True
scopeRead,639265752249061160,639265752249121160,6.8062,True
outsideCreateReadDelete,639265752249121160,639265752249141161,1.1069,True
scopeRead,639265752249361161,639265752249421158,7.0704,True
outsideCreateReadDelete,639265752249441161,639265752249441161,1.1441,True
scopeRead,639265752249661164,639265752249741160,7.1279,True
outsideCreateReadDelete,639265752249761159,639265752249761159,1.1274,True
scopeRead,639265752249981165,639265752250061157,9.0749,True
outsideCreateReadDelete,639265752250061157,639265752250081164,1.1833,True
scopeRead,639265752250381161,639265752250381161,0.2469,True
outsideCreateReadDelete,639265752250381161,639265752250401164,1.0865,True
scopeRead,639265752250621174,639265752250701159,8.1778,True
outsideCreateReadDelete,639265752250701159,639265752250721162,1.2648,True
scopeRead,639265752250841160,639265752250921153,8.7488,True
outsideCreateReadDelete,639265752250981185,639265752251021156,4.4312,True
scopeRead,639265752251481162,639265752251561155,8.6245,True
outsideCreateReadDelete,639265752251601156,639265752251961159,35.4908,True
scopeRead,639265752252301166,639265752252301166,0.2495,True
outsideCreateReadDelete,639265752252301166,639265752252321200,1.1674,True
scopeRead,639265752252621174,639265752252621174,0.2163,True
outsideCreateReadDelete,639265752252621174,639265752252621174,1.0335,True
scopeRead,639265752253061152,639265752253061152,0.2319,True
outsideCreateReadDelete,639265752253061152,639265752253081163,1.0937,True
scopeRead,639265752253361159,639265752253461154,9.2980,True
outsideCreateReadDelete,639265752253461154,639265752253481161,1.4706,True
scopeRead,639265752253601155,639265752253601155,0.2138,True
outsideCreateReadDelete,639265752253601155,639265752253601155,1.0186,True
scopeRead,639265752253701160,639265752253701160,0.2952,True
outsideCreateReadDelete,639265752253701160,639265752253721169,1.2639,True
scopeRead,639265752253841178,639265752253841178,0.2192,True
outsideCreateReadDelete,639265752253841178,639265752253841178,1.0233,True
scopeRead,639265752254081165,639265752254081165,0.2689,True
outsideCreateReadDelete,639265752254081165,639265752254121156,3.8489,True
scopeRead,639265752254361158,639265752254361158,0.2535,True
outsideCreateReadDelete,639265752254361158,639265752254381174,1.1407,True
scopeRead,639265752254501168,639265752254501168,0.2288,True
outsideCreateReadDelete,639265752254501168,639265752254501168,1.0299,True
scopeRead,639265752254621181,639265752254621181,0.2333,True
outsideCreateReadDelete,639265752254621181,639265752254641165,1.1090,True
scopeRead,639265752254761160,639265752254761160,0.2368,True
outsideCreateReadDelete,639265752254761160,639265752254781177,1.0817,True
scopeRead,639265752255001181,639265752255001181,0.2710,True
outsideCreateReadDelete,639265752255001181,639265752255021169,1.1079,True
scopeRead,639265752255141168,639265752255141168,0.2438,True
outsideCreateReadDelete,639265752255141168,639265752255161172,0.9791,True
scopeRead,639265752255281156,639265752255281156,0.2523,True
outsideCreateReadDelete,639265752255281156,639265752255301165,1.0995,True
scopeRead,639265752255421161,639265752255421161,0.2500,True
outsideCreateReadDelete,639265752255421161,639265752255441169,1.0178,True
scopeRead,639265752255581171,639265752255581171,0.3178,True
outsideCreateReadDelete,639265752255581171,639265752255601164,1.2923,True
scopeRead,639265752255701171,639265752255701171,0.2504,True
outsideCreateReadDelete,639265752255701171,639265752255721166,1.0466,True
scopeRead,639265752255881183,639265752255881183,0.4916,True
outsideCreateReadDelete,639265752255881183,639265752255941183,5.5650,True
scopeRead,639265752256061165,639265752256061165,0.3459,True
outsideCreateReadDelete,639265752256061165,639265752256081169,1.1180,True
scopeRead,639265752256201154,639265752256201154,0.2245,True
outsideCreateReadDelete,639265752256201154,639265752256201154,1.0627,True
scopeRead,639265752256341159,639265752256341159,0.2278,True
outsideCreateReadDelete,639265752256341159,639265752256341159,1.0529,True
scopeRead,639265752256481157,639265752256581158,10.1856,True
outsideCreateReadDelete,639265752256621156,639265752256641166,1.3806,True
scopeRead,639265752256861168,639265752256861168,0.2258,True
outsideCreateReadDelete,639265752256861168,639265752256861168,1.0497,True
scopeRead,639265752256981154,639265752256981154,0.2102,True
outsideCreateReadDelete,639265752256981154,639265752256981154,1.0384,True
scopeRead,639265752257201152,639265752257201152,0.2378,True
outsideCreateReadDelete,639265752257201152,639265752257221166,1.2038,True
scopeRead,639265752257341198,639265752257341198,0.2079,True
outsideCreateReadDelete,639265752257341198,639265752257421164,8.4253,True
scopeRead,639265752257641172,639265752257641172,0.2101,True
outsideCreateReadDelete,639265752257641172,639265752257641172,1.0392,True
scopeRead,639265752257761158,639265752257761158,0.2453,True
outsideCreateReadDelete,639265752257761158,639265752257781164,1.0462,True
scopeRead,639265752257881168,639265752257881168,0.2313,True
outsideCreateReadDelete,639265752257881168,639265752257901163,1.1973,True
scopeRead,639265752258121155,639265752258121155,0.2872,True
outsideCreateReadDelete,639265752258121155,639265752258141165,1.3370,True
scopeRead,639265752258241176,639265752258241176,0.2135,True
outsideCreateReadDelete,639265752258241176,639265752258241176,0.9802,True
scopeRead,639265752258341181,639265752258341181,0.2268,True
outsideCreateReadDelete,639265752258341181,639265752258361186,1.3947,True
scopeRead,639265752258581234,639265752258581234,0.2326,True
outsideCreateReadDelete,639265752258581234,639265752258581234,1.0890,True
scopeRead,639265752258701169,639265752258781175,8.1976,True
outsideCreateReadDelete,639265752258821207,639265752258841167,1.5084,True
scopeRead,639265752259061168,639265752259061168,0.3092,True
outsideCreateReadDelete,639265752259121155,639265752259141185,1.3639,True
scopeRead,639265752259361225,639265752259361225,0.2898,True
outsideCreateReadDelete,639265752259361225,639265752259381163,1.2499,True
scopeRead,639265752259501173,639265752259501173,0.2120,True
outsideCreateReadDelete,639265752259501173,639265752259501173,1.0607,True
scopeRead,639265752259601220,639265752259601220,0.3870,True
outsideCreateReadDelete,639265752259601220,639265752259621156,1.5551,True
scopeRead,639265752259821165,639265752259821165,0.2732,True
outsideCreateReadDelete,639265752259821165,639265752259841164,1.2818,True
scopeRead,639265752259961162,639265752260041161,9.2930,True
outsideCreateReadDelete,639265752260081164,639265752260081164,1.3141,True
scopeRead,639265752260301206,639265752260381153,7.7077,True
outsideCreateReadDelete,639265752260381153,639265752260381153,1.2739,True
scopeRead,639265752260601159,639265752260681169,8.7099,True
outsideCreateReadDelete,639265752260701159,639265752260721163,1.2433,True
scopeRead,639265752260841161,639265752260921152,8.0846,True
outsideCreateReadDelete,639265752260961153,639265752261001158,3.8014,True
scopeRead,639265752261201211,639265752261281155,8.4610,True
outsideCreateReadDelete,639265752261321156,639265752261341183,1.4248,True
scopeRead,639265752261561165,639265752261621155,5.7075,True
outsideCreateReadDelete,639265752261621155,639265752261621155,1.0888,True
scopeRead,639265752261821161,639265752261841163,0.3495,True
outsideCreateReadDelete,639265752261841163,639265752261881163,4.0593,True
scopeRead,639265752262001161,639265752262001161,0.2139,True
outsideCreateReadDelete,639265752262001161,639265752262001161,0.9644,True
scopeRead,639265752262121162,639265752262121162,0.2250,True
outsideCreateReadDelete,639265752262121162,639265752262141165,1.2979,True
scopeRead,639265752262261169,639265752262261169,0.2226,True
outsideCreateReadDelete,639265752262261169,639265752262261169,0.9746,True
scopeRead,639265752262501166,639265752262521171,2.7948,True
outsideCreateReadDelete,639265752262541154,639265752262541154,1.2906,True
scopeRead,639265752262641158,639265752262641158,0.2315,True
outsideCreateReadDelete,639265752262641158,639265752262641158,0.9315,True
scopeRead,639265752262761154,639265752262761154,0.2622,True
outsideCreateReadDelete,639265752262761154,639265752262781155,1.2008,True
scopeRead,639265752262901160,639265752262901160,0.2140,True
outsideCreateReadDelete,639265752262901160,639265752262901160,1.0112,True
scopeRead,639265752263121154,639265752263121154,0.3272,True
outsideCreateReadDelete,639265752263121154,639265752263141155,1.2533,True
scopeRead,639265752263241167,639265752263241167,0.2175,True
outsideCreateReadDelete,639265752263241167,639265752263241167,0.9827,True
scopeRead,639265752263381176,639265752263381176,0.2502,True
outsideCreateReadDelete,639265752263381176,639265752263481160,9.0649,True
scopeRead,639265752263581160,639265752263581160,0.2164,True
outsideCreateReadDelete,639265752263581160,639265752263581160,0.9815,True
scopeRead,639265752263681167,639265752263681167,0.2316,True
outsideCreateReadDelete,639265752263681167,639265752263681167,1.1125,True
scopeRead,639265752263821178,639265752263821178,0.2374,True
outsideCreateReadDelete,639265752263821178,639265752263821178,1.0141,True
scopeRead,639265752264081163,639265752264121155,3.5637,True
outsideCreateReadDelete,639265752264121155,639265752264121155,1.0901,True
scopeRead,639265752264341154,639265752264341154,0.2785,True
outsideCreateReadDelete,639265752264341154,639265752264361156,1.2973,True
scopeRead,639265752264461162,639265752264461162,0.2233,True
outsideCreateReadDelete,639265752264461162,639265752264461162,0.9884,True
scopeRead,639265752264681169,639265752264681169,0.2088,True
outsideCreateReadDelete,639265752264681169,639265752264681169,0.9670,True
scopeRead,639265752264801170,639265752264801170,0.2173,True
outsideCreateReadDelete,639265752264801170,639265752264801170,0.9798,True
scopeRead,639265752264921166,639265752264921166,0.2681,True
outsideCreateReadDelete,639265752264921166,639265752264941154,1.3024,True
scopeRead,639265752265141163,639265752265141163,0.2146,True
outsideCreateReadDelete,639265752265141163,639265752265141163,0.9728,True
scopeRead,639265752265261154,639265752265261154,0.2163,True
outsideCreateReadDelete,639265752265261154,639265752265261154,1.0381,True
scopeRead,639265752265401162,639265752265401162,0.2137,True
outsideCreateReadDelete,639265752265401162,639265752265401162,1.0112,True
scopeRead,639265752265621150,639265752265621150,0.2199,True
outsideCreateReadDelete,639265752265621150,639265752265621150,0.9734,True
scopeRead,639265752265741181,639265752265741181,0.2113,True
outsideCreateReadDelete,639265752265741181,639265752265741181,0.9688,True
scopeRead,639265752265861158,639265752265861158,0.2574,True
outsideCreateReadDelete,639265752265861158,639265752265861158,1.1030,True
scopeRead,639265752266001173,639265752266001173,0.2982,True
outsideCreateReadDelete,639265752266001173,639265752266021163,1.4981,True
scopeRead,639265752266241156,639265752266241156,0.3039,True
outsideCreateReadDelete,639265752266241156,639265752266261156,1.3043,True
scopeRead,639265752266361171,639265752266361171,0.2204,True
outsideCreateReadDelete,639265752266361171,639265752266361171,0.9771,True
scopeRead,639265752266581154,639265752266581154,0.2642,True
outsideCreateReadDelete,639265752266581154,639265752266601157,1.3039,True
scopeRead,639265752266701159,639265752266701159,0.2180,True
outsideCreateReadDelete,639265752266701159,639265752266701159,1.0184,True
scopeRead,639265752266821155,639265752266821155,0.2660,True
outsideCreateReadDelete,639265752266821155,639265752266841156,1.1663,True
scopeRead,639265752266961162,639265752266961162,0.2133,True
outsideCreateReadDelete,639265752266961162,639265752266961162,0.9694,True
scopeRead,639265752267181167,639265752267181167,0.3127,True
outsideCreateReadDelete,639265752267181167,639265752267201163,1.3252,True
scopeRead,639265752267321160,639265752267321160,0.2306,True
outsideCreateReadDelete,639265752267321160,639265752267321160,0.9839,True
scopeRead,639265752267481155,639265752267481155,0.3173,True
outsideCreateReadDelete,639265752267481155,639265752267501165,1.3136,True
scopeRead,639265752267621160,639265752267621160,0.2137,True
outsideCreateReadDelete,639265752267621160,639265752267621160,0.9942,True
scopeRead,639265752267781158,639265752267781158,0.2980,True
outsideCreateReadDelete,639265752267781158,639265752267801161,1.2524,True
scopeRead,639265752267921168,639265752267921168,0.2220,True
outsideCreateReadDelete,639265752267921168,639265752267921168,1.0221,True
scopeRead,639265752268041163,639265752268121160,9.2806,True
outsideCreateReadDelete,639265752268181157,639265752268201167,1.6073,True
scopeRead,639265752268421162,639265752268421162,0.3066,True
outsideCreateReadDelete,639265752268421162,639265752268441169,1.2914,True
scopeRead,639265752268561161,639265752268561161,0.2135,True
outsideCreateReadDelete,639265752268561161,639265752268561161,0.9849,True
scopeRead,639265752268661166,639265752268661166,0.2265,True
outsideCreateReadDelete,639265752268661166,639265752268681166,1.3010,True
scopeRead,639265752268901178,639265752268901178,0.2244,True
outsideCreateReadDelete,639265752268901178,639265752268901178,1.0233,True
scopeRead,639265752269041162,639265752269041162,0.2904,True
outsideCreateReadDelete,639265752269041162,639265752269061160,1.3237,True
scopeRead,639265752269181173,639265752269181173,0.2219,True
outsideCreateReadDelete,639265752269181173,639265752269181173,0.9892,True
scopeRead,639265752269301151,639265752269301151,0.2609,True
outsideCreateReadDelete,639265752269301151,639265752269321165,1.1977,True
scopeRead,639265752269441153,639265752269441153,0.2471,True
outsideCreateReadDelete,639265752269441153,639265752269461166,1.0554,True
scopeRead,639265752269681164,639265752269681164,0.2212,True
outsideCreateReadDelete,639265752269681164,639265752269681164,1.0038,True
scopeRead,639265752269801164,639265752269801164,0.2238,True
outsideCreateReadDelete,639265752269801164,639265752269801164,0.9802,True
scopeRead,639265752270021160,639265752270021160,0.2747,True
outsideCreateReadDelete,639265752270021160,639265752270041169,1.5329,True
scopeRead,639265752270141172,639265752270141172,0.2103,True
outsideCreateReadDelete,639265752270141172,639265752270141172,0.9287,True
scopeRead,639265752270261158,639265752270261158,0.2502,True
outsideCreateReadDelete,639265752270261158,639265752270281163,1.5036,True
scopeRead,639265752270401161,639265752270401161,0.2154,True
outsideCreateReadDelete,639265752270401161,639265752270401161,0.9671,True
scopeRead,639265752270621168,639265752270621168,0.2602,True
outsideCreateReadDelete,639265752270621168,639265752270641159,1.4153,True
scopeRead,639265752270741161,639265752270741161,0.2109,True
outsideCreateReadDelete,639265752270741161,639265752270741161,0.9877,True
scopeRead,639265752270901169,639265752270981176,7.8343,True
outsideCreateReadDelete,639265752271001164,639265752271021157,1.3957,True
scopeRead,639265752271241157,639265752271241157,0.2405,True
outsideCreateReadDelete,639265752271241157,639265752271241157,1.0839,True
scopeRead,639265752271381150,639265752271381150,0.2262,True
outsideCreateReadDelete,639265752271381150,639265752271381150,1.0443,True
scopeRead,639265752271521181,639265752271521181,0.2739,True
outsideCreateReadDelete,639265752271521181,639265752271541154,1.3002,True
scopeRead,639265752271641155,639265752271641155,0.2298,True
outsideCreateReadDelete,639265752271641155,639265752271641155,1.0611,True
scopeRead,639265752271781171,639265752271781171,0.3170,True
outsideCreateReadDelete,639265752271781171,639265752271801169,1.0608,True
scopeRead,639265752272021152,639265752272021152,0.2427,True
outsideCreateReadDelete,639265752272021152,639265752272041167,1.1271,True
scopeRead,639265752272141294,639265752272141294,0.3081,True
outsideCreateReadDelete,639265752272141294,639265752272161166,1.4289,True
scopeRead,639265752272281159,639265752272281159,0.2795,True
outsideCreateReadDelete,639265752272281159,639265752272301160,1.1241,True
scopeRead,639265752272421167,639265752272421167,0.2190,True
outsideCreateReadDelete,639265752272421167,639265752272441176,1.1984,True
scopeRead,639265752272561158,639265752272561158,0.2251,True
outsideCreateReadDelete,639265752272561158,639265752272581162,1.3136,True
scopeRead,639265752272821159,639265752272821159,0.2335,True
outsideCreateReadDelete,639265752272821159,639265752272841165,1.0919,True
scopeRead,639265752272941181,639265752272941181,0.2443,True
outsideCreateReadDelete,639265752272941181,639265752272961194,1.1450,True
scopeRead,639265752273081158,639265752273081158,0.2942,True
outsideCreateReadDelete,639265752273081158,639265752273101160,1.3290,True
scopeRead,639265752273221147,639265752273221147,0.2175,True
outsideCreateReadDelete,639265752273221147,639265752273221147,1.1665,True
scopeRead,639265752273361157,639265752273441162,8.4424,True
outsideCreateReadDelete,639265752273481161,639265752273521155,3.7246,True
scopeRead,639265752273741203,639265752273821154,7.7282,True
outsideCreateReadDelete,639265752273821154,639265752273821154,1.2380,True
scopeRead,639265752274041160,639265752274041160,0.2510,True
outsideCreateReadDelete,639265752274041160,639265752274061153,1.2120,True
scopeRead,639265752274161200,639265752274161200,0.2237,True
outsideCreateReadDelete,639265752274161200,639265752274161200,1.0401,True
scopeRead,639265752274281203,639265752274281203,0.2357,True
outsideCreateReadDelete,639265752274281203,639265752274301171,1.3798,True
scopeRead,639265752274521247,639265752274521247,1.1594,True
outsideCreateReadDelete,639265752274521247,639265752274541191,1.2325,True
scopeRead,639265752274641217,639265752274721155,9.3281,True
outsideCreateReadDelete,639265752274761153,639265752274761153,1.2315,True
scopeRead,639265752274981155,639265752274981155,0.2748,True
outsideCreateReadDelete,639265752274981155,639265752275061158,8.2396,True
scopeRead,639265752275261160,639265752275261160,0.3301,True
outsideCreateReadDelete,639265752275261160,639265752275281194,1.7765,True
scopeRead,639265752275401159,639265752275401159,0.2159,True
outsideCreateReadDelete,639265752275401159,639265752275401159,0.9818,True
scopeRead,639265752275621170,639265752275701167,8.9133,True
outsideCreateReadDelete,639265752275701167,639265752275721159,1.2664,True
scopeRead,639265752275941164,639265752276021174,7.2733,True
outsideCreateReadDelete,639265752276021174,639265752276021174,1.2313,True
scopeRead,639265752276241162,639265752276321173,7.2905,True
outsideCreateReadDelete,639265752276321173,639265752276321173,1.1710,True
scopeRead,639265752276541168,639265752276541168,0.2577,True
outsideCreateReadDelete,639265752276541168,639265752276561164,1.2488,True
scopeRead,639265752276661172,639265752276661172,0.2233,True
outsideCreateReadDelete,639265752276661172,639265752276661172,1.0478,True
scopeRead,639265752276841163,639265752276841163,0.2915,True
outsideCreateReadDelete,639265752276841163,639265752276841163,1.2068,True
scopeRead,639265752276961164,639265752276961164,0.2138,True
outsideCreateReadDelete,639265752276961164,639265752276961164,0.9843,True
scopeRead,639265752277201158,639265752277201158,0.3275,True
outsideCreateReadDelete,639265752277201158,639265752277221167,1.3556,True
scopeRead,639265752277341160,639265752277341160,0.2064,True
outsideCreateReadDelete,639265752277341160,639265752277341160,1.0482,True
scopeRead,639265752277481168,639265752277541162,7.0529,True
outsideCreateReadDelete,639265752277541162,639265752277561181,1.4069,True
scopeRead,639265752277801156,639265752277801156,0.3212,True
outsideCreateReadDelete,639265752277801156,639265752277821156,1.3177,True
scopeRead,639265752277921162,639265752277921162,0.2206,True
outsideCreateReadDelete,639265752277921162,639265752277921162,0.9937,True
scopeRead,639265752278041161,639265752278041161,0.2741,True
outsideCreateReadDelete,639265752278041161,639265752278041161,1.1526,True
scopeRead,639265752278261162,639265752278261162,0.2189,True
outsideCreateReadDelete,639265752278261162,639265752278261162,0.9812,True
scopeRead,639265752278361162,639265752278361162,0.2421,True
outsideCreateReadDelete,639265752278361162,639265752278361162,1.1503,True
scopeRead,639265752278501165,639265752278501165,0.2551,True
outsideCreateReadDelete,639265752278501165,639265752278521174,1.1090,True
scopeRead,639265752278901161,639265752278901161,0.2081,True
outsideCreateReadDelete,639265752278921164,639265752278921164,1.0405,True
scopeRead,639265752279041153,639265752279121160,8.2094,True
outsideCreateReadDelete,639265752279121160,639265752279141164,1.1274,True
scopeRead,639265752279361169,639265752279441173,7.9883,True
outsideCreateReadDelete,639265752279441173,639265752279441173,1.0968,True
scopeRead,639265752279681156,639265752279681156,0.2990,True
outsideCreateReadDelete,639265752279681156,639265752279701156,1.4405,True
scopeRead,639265752279801162,639265752279801162,0.2058,True
outsideCreateReadDelete,639265752279801162,639265752279801162,0.9563,True
scopeRead,639265752279921164,639265752279921164,0.2875,True
outsideCreateReadDelete,639265752279921164,639265752279921164,1.1658,True
scopeRead,639265752280141178,639265752280141178,0.2188,True
outsideCreateReadDelete,639265752280141178,639265752280141178,0.9863,True
scopeRead,639265752280261156,639265752280261156,0.2187,True
outsideCreateReadDelete,639265752280261156,639265752280261156,0.9531,True
scopeRead,639265752280381169,639265752280381169,0.2814,True
outsideCreateReadDelete,639265752280381169,639265752280401172,1.1784,True
scopeRead,639265752280641161,639265752280641161,0.2998,True
outsideCreateReadDelete,639265752280641161,639265752280661178,1.3104,True
scopeRead,639265752280781160,639265752280781160,0.2722,True
outsideCreateReadDelete,639265752280781160,639265752280781160,0.9928,True
scopeRead,639265752280901158,639265752280901158,0.2769,True
outsideCreateReadDelete,639265752280941155,639265752281001175,4.4753,True
scopeRead,639265752281241158,639265752281241158,0.3176,True
outsideCreateReadDelete,639265752281241158,639265752281261156,1.2318,True
scopeRead,639265752281361167,639265752281361167,0.2199,True
outsideCreateReadDelete,639265752281361167,639265752281361167,1.0240,True
scopeRead,639265752281481171,639265752281481171,0.2092,True
outsideCreateReadDelete,639265752281481171,639265752281481171,1.2527,True
scopeRead,639265752281621174,639265752281641164,0.3274,True
outsideCreateReadDelete,639265752281641164,639265752281641164,1.1555,True
scopeRead,639265752281861153,639265752281861153,0.2781,True
outsideCreateReadDelete,639265752281861153,639265752281941162,8.6663,True
scopeRead,639265752282161164,639265752282161164,0.2906,True
outsideCreateReadDelete,639265752282161164,639265752282181162,1.2825,True
scopeRead,639265752282281162,639265752282281162,0.2227,True
outsideCreateReadDelete,639265752282281162,639265752282301229,1.5091,True
scopeRead,639265752282421163,639265752282421163,0.2748,True
outsideCreateReadDelete,639265752282421163,639265752282441163,1.3274,True
scopeRead,639265752282661159,639265752282661159,0.2170,True
outsideCreateReadDelete,639265752282661159,639265752282661159,0.9918,True
scopeRead,639265752282781152,639265752282781152,0.2567,True
outsideCreateReadDelete,639265752282781152,639265752282801161,1.3844,True
scopeRead,639265752282921171,639265752282921171,0.2248,True
outsideCreateReadDelete,639265752282921171,639265752282921171,1.1449,True
scopeRead,639265752283061157,639265752283101154,4.3790,True
outsideCreateReadDelete,639265752283101154,639265752283121157,1.3469,True
scopeRead,639265752283221168,639265752283221168,0.2366,True
outsideCreateReadDelete,639265752283221168,639265752283221168,1.0103,True
scopeRead,639265752283401155,639265752283401155,0.3021,True
outsideCreateReadDelete,639265752283401155,639265752283421161,1.2279,True
scopeRead,639265752283521161,639265752283521161,0.2129,True
outsideCreateReadDelete,639265752283521161,639265752283521161,0.9595,True
scopeRead,639265752283741162,639265752283741162,0.3165,True
outsideCreateReadDelete,639265752283741162,639265752283761162,1.4395,True
scopeRead,639265752283881158,639265752283881158,0.2313,True
outsideCreateReadDelete,639265752283881158,639265752283881158,0.9776,True
scopeRead,639265752283981164,639265752284041155,7.0067,True
outsideCreateReadDelete,639265752284041155,639265752284061165,1.4553,True
scopeRead,639265752284181160,639265752284181160,0.2170,True
outsideCreateReadDelete,639265752284181160,639265752284181160,0.9756,True
scopeRead,639265752284281181,639265752284361165,9.1954,True
outsideCreateReadDelete,639265752284361165,639265752284381158,1.4059,True
scopeRead,639265752284481179,639265752284481179,0.2191,True
outsideCreateReadDelete,639265752284481179,639265752284481179,0.9994,True
scopeRead,639265752284661163,639265752284661163,0.2864,True
outsideCreateReadDelete,639265752284661163,639265752284681155,1.2482,True
scopeRead,639265752284781166,639265752284781166,0.2174,True
outsideCreateReadDelete,639265752284781166,639265752284781166,0.9793,True
scopeRead,639265752285021155,639265752285021155,0.2932,True
outsideCreateReadDelete,639265752285021155,639265752285041160,1.3648,True
scopeRead,639265752285141162,639265752285141162,0.2116,True
outsideCreateReadDelete,639265752285141162,639265752285141162,0.9387,True
scopeRead,639265752285261165,639265752285261165,0.3120,True
outsideCreateReadDelete,639265752285261165,639265752285281177,1.2561,True
scopeRead,639265752285401164,639265752285401164,0.2227,True
outsideCreateReadDelete,639265752285401164,639265752285401164,1.0048,True
scopeRead,639265752285621160,639265752285621160,0.2832,True
outsideCreateReadDelete,639265752285621160,639265752285641163,1.4327,True
scopeRead,639265752285741166,639265752285741166,0.2206,True
outsideCreateReadDelete,639265752285741166,639265752285741166,0.9905,True
scopeRead,639265752285881156,639265752285881156,0.2797,True
outsideCreateReadDelete,639265752285901154,639265752285901154,1.2739,True
scopeRead,639265752286001154,639265752286001154,0.2678,True
outsideCreateReadDelete,639265752286001154,639265752286021161,1.3158,True
scopeRead,639265752286261154,639265752286261154,0.2983,True
outsideCreateReadDelete,639265752286261154,639265752286281178,1.3534,True
scopeRead,639265752286401153,639265752286401153,0.2314,True
outsideCreateReadDelete,639265752286401153,639265752286401153,1.0029,True
scopeRead,639265752286521164,639265752286521164,0.2986,True
outsideCreateReadDelete,639265752286521164,639265752286541173,1.4812,True
scopeRead,639265752286661156,639265752286661156,0.3508,True
outsideCreateReadDelete,639265752286661156,639265752286681193,1.2192,True
scopeRead,639265752286801160,639265752286801160,0.2467,True
outsideCreateReadDelete,639265752286801160,639265752286821156,1.1943,True
scopeRead,639265752287041173,639265752287041173,0.2340,True
outsideCreateReadDelete,639265752287041173,639265752287061162,1.1292,True
scopeRead,639265752287181244,639265752287221155,5.0420,True
outsideCreateReadDelete,639265752287261153,639265752287281165,1.2299,True
scopeRead,639265752287501162,639265752287501162,0.3094,True
outsideCreateReadDelete,639265752287501162,639265752287521172,1.3691,True
scopeRead,639265752287641154,639265752287641154,0.2388,True
outsideCreateReadDelete,639265752287641154,639265752287661163,1.1664,True
scopeRead,639265752287781163,639265752287841154,7.1126,True
outsideCreateReadDelete,639265752287901147,639265752287901147,1.1821,True
scopeRead,639265752288101167,639265752288101167,0.3352,True
outsideCreateReadDelete,639265752288101167,639265752288121173,1.4392,True
scopeRead,639265752288241156,639265752288241156,0.3320,True
outsideCreateReadDelete,639265752288241156,639265752288261159,1.1154,True
scopeRead,639265752288361205,639265752288461154,9.7877,True
outsideCreateReadDelete,639265752288501153,639265752288501153,1.2790,True
scopeRead,639265752288721235,639265752288801154,8.8802,True
outsideCreateReadDelete,639265752288821154,639265752288841163,1.2658,True
scopeRead,639265752289061199,639265752289141145,7.4638,True
outsideCreateReadDelete,639265752289141145,639265752289141145,1.1598,True
scopeRead,639265752289361200,639265752289441153,7.8899,True
outsideCreateReadDelete,639265752289441153,639265752289441153,1.2014,True
scopeRead,639265752289641170,639265752289741164,9.9327,True
outsideCreateReadDelete,639265752289761162,639265752289781154,1.2767,True
scopeRead,639265752290001165,639265752290081157,8.2024,True
outsideCreateReadDelete,639265752290081157,639265752290101161,1.5996,True
scopeRead,639265752290301175,639265752290381157,9.2104,True
outsideCreateReadDelete,639265752290381157,639265752290401161,1.3035,True
scopeRead,639265752290601189,639265752290601189,0.2710,True
outsideCreateReadDelete,639265752290601189,639265752290621166,1.3203,True
scopeRead,639265752290741211,639265752290741211,0.2583,True
outsideCreateReadDelete,639265752290741211,639265752290761164,1.2288,True
scopeRead,639265752290861236,639265752290941203,8.5328,True
outsideCreateReadDelete,639265752291001193,639265752291001193,1.2527,True
scopeRead,639265752291221163,639265752291321176,9.9425,True
outsideCreateReadDelete,639265752291321176,639265752291341178,1.4848,True
scopeRead,639265752291561157,639265752291561157,0.2914,True
outsideCreateReadDelete,639265752291561157,639265752291581158,1.1395,True
scopeRead,639265752291681214,639265752291681214,0.2533,True
outsideCreateReadDelete,639265752291681214,639265752291701179,1.0386,True
scopeRead,639265752291841155,639265752291841155,0.2774,True
outsideCreateReadDelete,639265752291841155,639265752291861163,1.3730,True
scopeRead,639265752291981234,639265752291981234,0.2226,True
outsideCreateReadDelete,639265752291981234,639265752291981234,1.0002,True
scopeRead,639265752292101199,639265752292141155,4.1798,True
outsideCreateReadDelete,639265752292141155,639265752292161161,1.3820,True
scopeRead,639265752292281205,639265752292281205,0.2202,True
outsideCreateReadDelete,639265752292281205,639265752292281205,0.9964,True
scopeRead,639265752292501154,639265752292501154,0.3147,True
outsideCreateReadDelete,639265752292501154,639265752292521158,1.1841,True
scopeRead,639265752292621235,639265752292621235,0.2140,True
outsideCreateReadDelete,639265752292621235,639265752292621235,0.9680,True
scopeRead,639265752292741188,639265752292741188,0.2293,True
outsideCreateReadDelete,639265752292741188,639265752292741188,1.0822,True
scopeRead,639265752292961189,639265752292961189,0.2137,True
outsideCreateReadDelete,639265752292961189,639265752292961189,1.0007,True
scopeRead,639265752293101154,639265752293181157,7.8774,True
outsideCreateReadDelete,639265752293201153,639265752293221172,1.1969,True
scopeRead,639265752293401155,639265752293401155,0.2987,True
outsideCreateReadDelete,639265752293401155,639265752293421162,1.3430,True
scopeRead,639265752293541159,639265752293541159,0.2124,True
outsideCreateReadDelete,639265752293541159,639265752293541159,0.9761,True
scopeRead,639265752293741205,639265752293741205,0.2568,True
outsideCreateReadDelete,639265752293741205,639265752293761164,1.3661,True
scopeRead,639265752293861217,639265752293861217,0.2050,True
outsideCreateReadDelete,639265752293861217,639265752293861217,0.9453,True
scopeRead,639265752293981162,639265752294021160,4.0154,True
outsideCreateReadDelete,639265752294021160,639265752294021160,1.3277,True
scopeRead,639265752294141165,639265752294141165,0.2134,True
outsideCreateReadDelete,639265752294141165,639265752294141165,0.9857,True
scopeRead,639265752294361156,639265752294361156,0.2934,True
outsideCreateReadDelete,639265752294401158,639265752294441163,3.7071,True
scopeRead,639265752294661155,639265752294661155,0.2944,True
outsideCreateReadDelete,639265752294661155,639265752294681156,1.4184,True
scopeRead,639265752294781166,639265752294781166,0.2212,True
outsideCreateReadDelete,639265752294781166,639265752294781166,0.9896,True
scopeRead,639265752295001164,639265752295001164,0.2423,True
outsideCreateReadDelete,639265752295001164,639265752295021168,1.0660,True
scopeRead,639265752295141167,639265752295141167,0.2220,True
outsideCreateReadDelete,639265752295141167,639265752295141167,0.9927,True
scopeRead,639265752295261150,639265752295261150,0.2094,True
outsideCreateReadDelete,639265752295261150,639265752295261150,1.0057,True
scopeRead,639265752295381154,639265752295381154,0.2198,True
outsideCreateReadDelete,639265752295381154,639265752295381154,1.0453,True
scopeRead,639265752295621154,639265752295621154,0.2824,True
outsideCreateReadDelete,639265752295621154,639265752295641162,1.3299,True
scopeRead,639265752295741205,639265752295741205,0.2286,True
outsideCreateReadDelete,639265752295741205,639265752295741205,1.0502,True
scopeRead,639265752295901161,639265752295961157,5.2540,True
outsideCreateReadDelete,639265752295961157,639265752295961157,1.3755,True
scopeRead,639265752296061174,639265752296061174,0.2149,True
outsideCreateReadDelete,639265752296061174,639265752296061174,1.0485,True
scopeRead,639265752296181164,639265752296181164,0.2170,True
outsideCreateReadDelete,639265752296181164,639265752296181164,0.9666,True
scopeRead,639265752296401163,639265752296401163,0.2229,True
outsideCreateReadDelete,639265752296401163,639265752296401163,0.9978,True
scopeRead,639265752296541155,639265752296541155,0.2273,True
outsideCreateReadDelete,639265752296541155,639265752296541155,0.9937,True
scopeRead,639265752296661263,639265752296661263,0.3564,True
outsideCreateReadDelete,639265752296661263,639265752296681199,1.3795,True
scopeRead,639265752296781335,639265752296821300,5.0651,True
outsideCreateReadDelete,639265752296821300,639265752296841204,1.6055,True
scopeRead,639265752296961163,639265752296961163,0.2231,True
outsideCreateReadDelete,639265752296961163,639265752296961163,1.0353,True
scopeRead,639265752297161153,639265752297241161,7.5911,True
outsideCreateReadDelete,639265752297261179,639265752297281171,1.1521,True
scopeRead,639265752297481174,639265752297481174,0.2979,True
outsideCreateReadDelete,639265752297481174,639265752297501156,1.2548,True
scopeRead,639265752297601203,639265752297601203,0.2193,True
outsideCreateReadDelete,639265752297601203,639265752297601203,1.0401,True
scopeRead,639265752297721173,639265752297721173,0.2659,True
outsideCreateReadDelete,639265752297721173,639265752297721173,1.1474,True
scopeRead,639265752297961160,639265752297961160,0.2199,True
outsideCreateReadDelete,639265752297961160,639265752297961160,1.0048,True
scopeRead,639265752298081154,639265752298081154,0.2917,True
outsideCreateReadDelete,639265752298081154,639265752298101161,1.1471,True
scopeRead,639265752298221162,639265752298221162,0.2223,True
outsideCreateReadDelete,639265752298221162,639265752298221162,0.9652,True
scopeRead,639265752298441156,639265752298441156,0.2889,True
outsideCreateReadDelete,639265752298441156,639265752298461166,1.3787,True
scopeRead,639265752298561209,639265752298561209,0.2117,True
outsideCreateReadDelete,639265752298561209,639265752298561209,0.9591,True
scopeRead,639265752298681205,639265752298681205,0.2609,True
outsideCreateReadDelete,639265752298681205,639265752298701166,1.2140,True
scopeRead,639265752298821167,639265752298821167,0.2358,True
outsideCreateReadDelete,639265752298821167,639265752298841185,1.0972,True
scopeRead,639265752299081154,639265752299081154,0.3318,True
outsideCreateReadDelete,639265752299081154,639265752299101157,1.1991,True
scopeRead,639265752299201162,639265752299201162,0.2127,True
outsideCreateReadDelete,639265752299201162,639265752299201162,0.9839,True
scopeRead,639265752299301167,639265752299301167,0.2319,True
outsideCreateReadDelete,639265752299301167,639265752299321157,1.2248,True
scopeRead,639265752299441154,639265752299441154,0.2775,True
outsideCreateReadDelete,639265752299441154,639265752299441154,0.9955,True
scopeRead,639265752299701158,639265752299701158,0.3142,True
outsideCreateReadDelete,639265752299701158,639265752299721159,1.3470,True
scopeRead,639265752299821170,639265752299821170,0.2118,True
outsideCreateReadDelete,639265752299821170,639265752299821170,0.9946,True
scopeRead,639265752299981159,639265752300061155,8.2152,True
outsideCreateReadDelete,639265752300061155,639265752300081166,1.1764,True
scopeRead,639265752300301161,639265752300381160,8.3646,True
outsideCreateReadDelete,639265752300381160,639265752300401171,1.2805,True
scopeRead,639265752300641153,639265752300641153,0.2863,True
outsideCreateReadDelete,639265752300641153,639265752300661155,1.2195,True
scopeRead,639265752300761166,639265752300761166,0.2171,True
outsideCreateReadDelete,639265752300761166,639265752300761166,0.9965,True
scopeRead,639265752300881153,639265752300881153,0.2523,True
outsideCreateReadDelete,639265752300881153,639265752300901157,1.2675,True
scopeRead,639265752301021186,639265752301021186,0.2191,True
outsideCreateReadDelete,639265752301021186,639265752301021186,1.0364,True
scopeRead,639265752301241168,639265752301241168,0.2816,True
outsideCreateReadDelete,639265752301241168,639265752301261163,1.4905,True
scopeRead,639265752301361213,639265752301361213,0.2188,True
outsideCreateReadDelete,639265752301361213,639265752301361213,0.9828,True
scopeRead,639265752301601157,639265752301601157,0.2635,True
outsideCreateReadDelete,639265752301601157,639265752301601157,1.3214,True
scopeRead,639265752301701164,639265752301701164,0.2265,True
outsideCreateReadDelete,639265752301701164,639265752301701164,0.9945,True
scopeRead,639265752301821173,639265752301821173,0.2713,True
outsideCreateReadDelete,639265752301821173,639265752301841162,1.2423,True
scopeRead,639265752301961166,639265752301961166,0.2237,True
outsideCreateReadDelete,639265752301961166,639265752301961166,0.9977,True
scopeRead,639265752302181155,639265752302181155,0.2846,True
outsideCreateReadDelete,639265752302181155,639265752302201159,1.2824,True
scopeRead,639265752302301206,639265752302301206,0.2222,True
outsideCreateReadDelete,639265752302301206,639265752302301206,0.9955,True
scopeRead,639265752302421162,639265752302481162,6.3661,True
outsideCreateReadDelete,639265752302481162,639265752302501155,1.3776,True
scopeRead,639265752302601163,639265752302601163,0.2176,True
outsideCreateReadDelete,639265752302601163,639265752302601163,0.9768,True
scopeRead,639265752302821193,639265752302821193,0.2916,True
outsideCreateReadDelete,639265752302821193,639265752302841160,1.2161,True
scopeRead,639265752302941162,639265752302941162,0.2155,True
outsideCreateReadDelete,639265752302941162,639265752302941162,0.9990,True
scopeRead,639265752303061175,639265752303101172,3.9526,True
outsideCreateReadDelete,639265752303101172,639265752303101172,1.3118,True
scopeRead,639265752303201172,639265752303201172,0.2204,True
outsideCreateReadDelete,639265752303201172,639265752303201172,0.9829,True
scopeRead,639265752303441154,639265752303441154,0.2898,True
outsideCreateReadDelete,639265752303441154,639265752303461165,1.3013,True
scopeRead,639265752303581161,639265752303581161,0.2173,True
outsideCreateReadDelete,639265752303581161,639265752303581161,0.9683,True
scopeRead,639265752303701155,639265752303701155,0.2705,True
outsideCreateReadDelete,639265752303701155,639265752303741173,3.8717,True
scopeRead,639265752303841174,639265752303841174,0.2307,True
outsideCreateReadDelete,639265752303841174,639265752303841174,0.9881,True
scopeRead,639265752304201164,639265752304221161,0.2215,True
outsideCreateReadDelete,639265752304221161,639265752304221161,0.9960,True
scopeRead,639265752304321168,639265752304321168,0.3049,True
outsideCreateReadDelete,639265752304321168,639265752304341156,1.1610,True
scopeRead,639265752304461160,639265752304461160,0.2165,True
outsideCreateReadDelete,639265752304461160,639265752304461160,0.9623,True
scopeRead,639265752304661172,639265752304741174,7.3362,True
outsideCreateReadDelete,639265752304761164,639265752304781173,1.1991,True
scopeRead,639265752305001159,639265752305001159,0.2950,True
outsideCreateReadDelete,639265752305001159,639265752305021157,1.2559,True
scopeRead,639265752305121196,639265752305121196,0.2673,True
outsideCreateReadDelete,639265752305121196,639265752305141195,1.2191,True
scopeRead,639265752305261154,639265752305261154,0.2721,True
outsideCreateReadDelete,639265752305261154,639265752305281154,1.1858,True
scopeRead,639265752305401164,639265752305401164,0.2173,True
outsideCreateReadDelete,639265752305401164,639265752305401164,1.0034,True
scopeRead,639265752305661158,639265752305661158,0.3030,True
outsideCreateReadDelete,639265752305661158,639265752305681171,1.2998,True
scopeRead,639265752305784918,639265752305784918,0.3481,True
outsideCreateReadDelete,639265752305784918,639265752305801218,1.5855,True
scopeRead,639265752305906458,639265752305906458,0.3358,True
outsideCreateReadDelete,639265752305906458,639265752305986470,8.2908,True
scopeRead,639265752306226459,639265752306226459,0.3168,True
outsideCreateReadDelete,639265752306226459,639265752306246462,1.2306,True
scopeRead,639265752306346471,639265752306346471,0.2243,True
outsideCreateReadDelete,639265752306346471,639265752306346471,1.0017,True
scopeRead,639265752306566457,639265752306566457,0.2935,True
outsideCreateReadDelete,639265752306566457,639265752306586462,1.3428,True
scopeRead,639265752306686476,639265752306686476,0.2726,True
outsideCreateReadDelete,639265752306686476,639265752306686476,0.9935,True
scopeRead,639265752306826459,639265752306826459,0.2846,True
outsideCreateReadDelete,639265752306826459,639265752306846458,1.2296,True
scopeRead,639265752306966484,639265752306966484,0.2320,True
outsideCreateReadDelete,639265752306966484,639265752306986482,1.0791,True
scopeRead,639265752307206471,639265752307206471,0.2707,True
outsideCreateReadDelete,639265752307206471,639265752307226469,1.3469,True
scopeRead,639265752307326538,639265752307326538,0.2991,True
outsideCreateReadDelete,639265752307326538,639265752307346483,1.4001,True
scopeRead,639265752307466506,639265752307466506,0.3734,True
outsideCreateReadDelete,639265752307466506,639265752307486488,1.8411,True
scopeRead,639265752307606472,639265752307606472,0.2492,True
outsideCreateReadDelete,639265752307606472,639265752307626475,1.2194,True
scopeRead,639265752307726531,639265752307786489,7.4529,True
outsideCreateReadDelete,639265752307806464,639265752307826462,1.7822,True
scopeRead,639265752307926481,639265752307926481,0.2709,True
outsideCreateReadDelete,639265752307926481,639265752307946483,1.1874,True
scopeRead,639265752308126465,639265752308126465,0.5887,True
outsideCreateReadDelete,639265752308126465,639265752308146463,1.5247,True
scopeRead,639265752308246496,639265752308246496,0.2116,True
outsideCreateReadDelete,639265752308246496,639265752308246496,0.9805,True
scopeRead,639265752308426479,639265752308426479,0.2874,True
outsideCreateReadDelete,639265752308426479,639265752308446477,1.3455,True
scopeRead,639265752308566460,639265752308566460,0.2330,True
outsideCreateReadDelete,639265752308566460,639265752308566460,1.0106,True
scopeRead,639265752308706467,639265752308706467,0.3162,True
outsideCreateReadDelete,639265752308706467,639265752308726469,1.4276,True
scopeRead,639265752308846483,639265752308846483,0.2694,True
outsideCreateReadDelete,639265752308846483,639265752308866538,1.2665,True
scopeRead,639265752308966542,639265752309211786,24.9901,True
outsideCreateReadDelete,639265752309211786,639265752309231779,1.2212,True
scopeRead,639265752309351772,639265752309351772,0.2208,True
outsideCreateReadDelete,639265752309351772,639265752309351772,0.9817,True
scopeRead,639265752309451773,639265752309451773,0.2190,True
outsideCreateReadDelete,639265752309451773,639265752309451773,1.0074,True
scopeRead,639265752309651781,639265752309671767,0.3141,True
outsideCreateReadDelete,639265752309671767,639265752309671767,1.2013,True
scopeRead,639265752309771781,639265752309771781,0.2235,True
outsideCreateReadDelete,639265752309771781,639265752309771781,0.9995,True
scopeRead,639265752309991759,639265752309991759,0.3130,True
outsideCreateReadDelete,639265752309991759,639265752310011775,1.3043,True
scopeRead,639265752310111832,639265752310111832,0.2177,True
outsideCreateReadDelete,639265752310111832,639265752310111832,1.0195,True
scopeRead,639265752310231854,639265752310231854,0.2648,True
outsideCreateReadDelete,639265752310231854,639265752310251787,1.3725,True
scopeRead,639265752310371762,639265752310371762,0.2275,True
outsideCreateReadDelete,639265752310371762,639265752310371762,1.0029,True
scopeRead,639265752310631764,639265752310631764,0.3203,True
outsideCreateReadDelete,639265752310631764,639265752310651765,1.2610,True
scopeRead,639265752310751775,639265752310751775,0.2114,True
outsideCreateReadDelete,639265752310751775,639265752310751775,1.0680,True
scopeRead,639265752310911774,639265752311011775,9.4580,True
outsideCreateReadDelete,639265752311011775,639265752311031779,1.5013,True
scopeRead,639265752311251792,639265752311311775,6.3218,True
outsideCreateReadDelete,639265752311311775,639265752311332581,1.3234,True
